cv_rmse,test_source_rmse,test_target_rmse,alpha,beta_w,beta_h,beta_z,beta_s,beta_t,cv_rmse_se,test_source_rmse_se,test_target_rmse_se,lang,nlperf_only,dataset_features,lang_features,with_trfm,with_small100_ft,with_small100_noft,with_model_noft
1.316022406093517,4.065399267933972,4.554411000459005,0.01,0.1,0.1,0.01,0.01,0.01,0.10054977876132165,0.12711934769185168,0.5697388287191262,bew,False,False,True,False,False,False,False
2.0555961952392074,3.0410440882035132,2.59079913922892,0.01,0.1,0.1,0.01,0.01,0.01,0.029614924812301602,0.04405748334917215,0.13515496388217452,btk,False,False,True,False,False,False,False
1.0143103788166576,9.217977220118737,13.566285584613874,0.01,0.1,0.1,0.1,0.01,0.01,0.06402381013774988,0.0919435654326828,0.1318932230896711,ind,False,False,True,False,False,False,False
2.160629545782517,4.708193060162303,4.121277171750346,0.0064,0.1,0.1,0.01,0.01,0.01,0.03289230904259383,0.34131322095055544,0.44367891717869756,jav,False,False,True,False,False,False,False
1.9226704147099878,5.650154112272847,12.036549170364758,0.01,0.1,0.1,0.01,0.01,0.01,0.04261873522881534,0.136473621874461,0.4281322179551979,mad,False,False,True,False,False,False,False
1.7107193178587004,8.908832777433688,9.278640606990466,0.01,0.1,0.1,0.01,0.01,0.01,0.052080469282686254,0.06226141991609504,0.06497766731145707,mak,False,False,True,False,False,False,False
1.8656444289112923,6.19997023491006,9.833336086073336,0.01,0.1,0.1,0.028000000000000004,0.01,0.01,0.05931575385663127,0.25710236854825724,0.31930405058741884,min,False,False,True,False,False,False,False
2.1270528397563093,2.6579393433828664,5.17123075028392,0.01,0.1,0.1,0.01,0.01,0.01,0.07010080339220498,0.05330150494074916,0.21707777010656457,sun,False,False,True,False,False,False,False
