cv_rmse,test_source_rmse,test_target_rmse,alpha,beta_w,beta_h,beta_z,beta_s,beta_t,cv_rmse_se,test_source_rmse_se,test_target_rmse_se,lang,nlperf_only,dataset_features,lang_features,with_trfm,with_small100_ft,with_small100_noft,with_model_noft
1.4261659118610412,4.173821835717819,3.548854958220359,0.01,0.1,0.1,0.01,0.01,0.01,0.047000321484569875,0.03905397838930242,0.319661385971354,bew,False,False,True,False,False,False,False
2.2298315868184297,3.6189899495333906,4.203909883637758,0.01,0.1,0.1,0.082,0.01,0.01,0.032227448142340805,0.1434675974549952,0.901178048168094,btk,False,False,True,False,False,False,False
0.9862370731055471,9.101638722276615,13.406156428671508,0.01,0.1,0.1,0.1,0.01,0.01,0.048423185431119675,0.09248749600411404,0.10500728784415801,ind,False,False,True,False,False,False,False
2.1786033804037706,2.2812923653412116,1.5179957438807787,0.01,0.1,0.1,0.1,0.01,0.01,0.05004809667877473,0.0477752806681041,0.06087160391498298,jav,False,False,True,False,False,False,False
2.012652506002062,4.05529132250141,10.911864706576193,0.01,0.1,0.1,0.1,0.01,0.01,0.03316223404030365,0.09446001582754691,0.23881024267625256,mad,False,False,True,False,False,False,False
1.7229000938205061,11.887860179429506,12.293622472409748,0.01,0.1,0.1,0.01,0.01,0.01,0.04044706128254929,0.08100241208182324,0.06765092175572321,mak,False,False,True,False,False,False,False
1.9043208044444477,6.960933814519374,10.764351021610734,0.01,0.1,0.1,0.1,0.01,0.01,0.04155872288919964,0.243966933922296,0.2001761270512028,min,False,False,True,False,False,False,False
2.151159060247726,4.552570304714731,8.722937676906747,0.01,0.1,0.1,0.01,0.01,0.01,0.036540924315423044,0.20396265771936178,0.2937498282859335,sun,False,False,True,False,False,False,False
